No,Model,Sku ,Size,Selling price,Payout,Issues?,Location,Owner,Insurance Price,Consign Date,Sell Date,Buy in,Checked in/out from store,Bought in
TA1101,dunk two tone grey td ,dh9761001,25,135,70,,j5 store,Tariq,10,11/7/23,,,,
ZA1202,jordan 2 maison chateau rouge,do5274180,25,135,75,,J5 Store,Zaka,,11-8-23,,,,
ZA1203,jordan 2 maison chateau rouge,do5274180,26,135,75,,J5 Store,Zaka,,11-8-23,,,,
ZA1204,jordan 2 maison chateau rouge,do5274180,27,135,75,,J5 Store,Zaka,,11-8-23,,,,
MIKE1302,nike dunk hi retro black blue,dd3359001,42.5,145,85,,j5 store,Mike,,,,,,
,jordan 1 high varsity red chenile,cu0449061,28.5,145,,,J5 store,J5 store,,,,,,
,jordan 1 high unc toe td,fd1413400,23.5,145,,,J5 Store,J5 Store,,,,,,
,jordan 1 high unc toe td,fd1413400,27,145,,,J5 Store,J5 Store,,,,,,
,jordan 1 high unc toe td,fd1413400,25,145,,,J5 Store,J5 Store,,,,,,
,jordan 1 high unc toe ps,fd1412400,33,165,,,J5 Store,J5 Store,,,,,,
,jordan 1 high unc toe ps,fd1412400,27.5,165,,,J5 Store,J5 Store,,,,,,
,jordan 1 high unc toe ps,fd1412400,28,165,,,J5 Store,J5 Store,,,,,,
,jordan 1 high unc toe ps,fd1412400,27.5,165,,,J5 Store,J5 Store,,,,,,
,jordan 1 high unc toe ps,fd1412400,27.5,165,,,J5 Store,J5 Store,,,,,,
,jordan 1 high unc toe ps,fd1412400,28.5,165,,,J5 Store,J5 Store,,,,,,
,jordan 1 high unc toe ps,fd1412400,32,165,,,J5 Store,J5 Store,,,,,,
mike1301,used Air max 72 black blue ,ao2924403,42.5,185,110,,j5 store,Mike,,,,,,
,Air Structure Triax 91 Grey Fog/Purple,db1549002,44,185,,,J5 Store,J5 Store,,,,,,
,Air Structure Triax 91 Grey Fog/Purple,db1549002,41,185,,,J5 Store,J5 Store,,,,,,
,Air Structure Triax 91 Grey Fog/Purple,db1549002,42.5,185,,,J5 Store,J5 Store,,,,,,
,Air Structure Triax 91 Grey Fog/Purple,db1549002,47.5,185,,,J5 Store,J5 Store,,,,,,
,air structure black midnight navy,db1549400,45,185,,,J5 Store,J5 Store,,,,,,
GG0505,Dunk Low Pure Platinum,dv0831101,42.5,195,155,,J5 store,Lino,,05-08-23,,,,
GG0513,Jordan 1 Mid Cherrywood Red Grey gs,dq8423615,40,195,140,,J5 store,Lino,,05-08-23,,,,
RE3102,new balance 550 white pink,bbw550wp,41,195,,,J5 store,renny,,,,,,
RE3103,new balance 550 white pink,bbw550wp,39,195,,,J5 store,renny,,,,,,
,Nike Air Force 1 Low White 07,CW2288111,48.5,195,,,J5 store,J5 store,,,,,treehouse 7-8-23,
,Nike Air Force 1 Low White 07,CW2288111,47.5,195,,,J5 store,J5 store,,,,,treehouse 7-8-23,
,Nike Air Force 1 Low White 07,CW2288111,45,195,,,J5 store,J5 store,,,,,treehouse 7-8-23,
,"Nike Dunk Low Hot Curry Game Royal (GS)
",DH9765101,40,195,,,J5 store,J5 store,,,,,treehouse 7-8-23,
,"Nike Dunk Low Hot Curry Game Royal (GS)
",DH9765101,36,195,,,J5 store,J5 store,,,,,treehouse 7-8-23,
TA1313,dunk low primal white ,dd7099100,39,195,80,,j5 store,Tariq,,13/8/23,,,,
DY1501,dunk low football grey mineral teal gs,fd1232002,38,195,100,,J5 store,Dylan,,,,,,
,Nike Dunk High Retro SE White Black Camo,DD3359100,41,215,,,J5 store,J5 store,,,,,treehouse 7-8-23,
,"Nike Dunk Low Barley Paisley 
",DH4401104,40,215,,,J5 store,J5 store,,,,,treehouse 7-8-23,
,"Nike Dunk Low Barley Paisley 
",DH4401104,37.5,215,,,J5 store,J5 store,,,,,treehouse 7-8-23,
,"Nike Dunk Low Barley Paisley 
",DH4401104,36.5,215,,,J5 store,J5 store,,,,,treehouse 7-8-23,
,"Nike Dunk Low Barley Paisley 
",DH4401104,39,215,,,J5 store,J5 store,,,,,treehouse 7-8-23,
,Dunk low panda,dd1391100,43,215,,,J5 store,J5 store,,,,,treehouse 7-8-23,
,Dunk low panda Woman,dd1503101,40.5,215,,,J5 store,J5 store,,,,,treehouse 7-8-23,
,Dunk Low panda (GS),CW1590100,38.5,215,,,J5 store,J5 store,,,,,treehouse 7-8-23,
TA1311,dunk low barely paisley,dh4401104,40.5,215,150,,j5 store,Tariq,,13/8/23,,,,
,Dunk Low Light Iron Ore W,dq7576001,40.5,215,,,J5 Store,J5 Store,,,,,,
GG0510,Jordan 1 Low reverse Panda used,dc0774100,43,225,130,,J5 store,Lino,,05-08-23,,,,
GG0511,Jordan 1 Low SE Twine Orange Quartz Corduroy,dh7820700,43,225,145,,J5 store,Lino,,05-08-23,,,,
GG0512,Jordan 1 Mid Aquatone (GS),dq8423400,40,225,150,,J5 store,Lino,,05-08-23,,,,
GG0524,Dunk Low Pale Ivory Redwood w,dd1503122,44.5,225,160,,J5 store,Lino,,05-08-23,,,,
,"Nike Dunk Low EMB NBA 75th Anniversary (GS)
",DO6288100,37.5,225,,,J5 store,J5 store,,,,,treehouse 7-8-23,
,"Yeezy Slide Resin 
",FZ5904,43,225,,,J5 store,J5 store,,,,,treehouse 7-8-23,
,Dunk Low Midas Gold,DD1391701,43,225,,,J5 store,J5 store,,,,,treehouse 7-8-23,
,Dunk low midnight navy university blue,fn7800400,42.5,225,,,J5 Store,J5 Store,,,,125,,
Gz1105,yeezy slide azure,id4133,48.5,225,150,,j5 store,Gosh ,10,,,,,
,Dunk low midnight navy university blue,Fn7800400,39,225,,,J5 Store,J5 Store,,,,,,
,Dunk low midnight navy university blue,Fn7800400,41,225,,,J5 Store,J5 Store,,,,,,
,Dunk low midnight navy university blue,Fn7800400,45,225,,,J5 Store,J5 Store,,,,,,
,Adidas campus core black,hq8708,37.5,225,,,,,,,,,,
,Adidas campus core black,hq8708,38,225,,,,,,,,,,
,Adidas campus tko core black RED,hp6539,39.5,225,,,,,,,,,,
,adidas campus Red,ho3474,44.5,225,,,,,,,,,,
,adidas campus Red,ho3474,45.5,225,,,,,,,,,,
,yeezy slide resin,fz5904,44.5,225,,,J5 Store,J5 Store,,,,110,,
,adidas Campus 00s Crystal White Core Black,gy0042,40,225,,,J5 Store,J5 Store,,,,88,,
,adidas Campus 00s Crystal White Core Black,gy0042,39 1/3,225,,,J5 Store,J5 Store,,,,88,,
,adidas Campus 00s Crystal White Core Black,gy0042,37 1/3,225,,,J5 Store,J5 Store,,,,88,,
,adidas Campus 00s Crystal White Core Black,gy0042,38,225,,,J5 Store,J5 Store,,,,88,,
,adidas Campus 00s Crystal White Core Black,gy0042,38,225,,,J5 Store,J5 Store,,,,88,,
,adidas Campus 00s Crystal White Core Black,gy0042,39 1/3,225,,,J5 Store,J5 Store,,,,88,,
,adidas Campus 00s Crystal White Core Black,gy0042,39 1/3,225,,,J5 Store,J5 Store,,,,88,,
 ,adidas Campus 00s Core Black,hq8708,40 2/3,225,,,J5 Store,J5 Store,,,,,,
,adidas Campus 00s Grey White,hq8707,46,225,,,J5 Store,J5 Store,,,,110,,
,adidas Campus 00s Grey White,hq8707,39 1/3,225,,,j5 store,j5 store,,,,,,
,yeezy slide onyx,hq6448,46,225,,,j5 store,j5 store,,,,,,
,yeezy slide azure,id4133,42,225,,,J5 Store,J5 Store,,,,,,
,Jordan Mid Gs University Blue Black ,dq8423401,39,225,,,J5 Store,J5 Store,,,,,,
GG0508,Dunk Low Halloween (2022) gs,dh9765003,37.5,235,140,,J5 store,Lino,,05-08-23,,,,
GG0509,Dunk Low Halloween (2022) gs,dh9765003,36,235,140,,J5 store,Lino,,05-08-23,,,,
GG0522,Dunk Low Halloween (2022) gs,dh9765003,38,235,140,,J5 store,Lino,,05-08-23,,,,
GG0528,Dunk Low Halloween (2022) gs,dh9765003,37.5,235,140,,J5 store,Lino,,05-08-23,,,,
GG0538,Jordan 1 Mid GS Barely Grape gs,dq8423501,39,235,150,,J5 store,Lino,,05-08-23,,,,
BE0602,jordan low golf,dd9315002,44,245,160,box without lid,,,,,,,,
GG0501,Jordan 1 Low Panda,dc0774101,44.5,245,160€,,J5 store,Lino,,05-08-23,,,,
GG0502,Jordan 1 Low Panda,dc0774101,41,245,160€,,J5 store,Lino,,05-08-23,,,,
GG0504,Nike Dunk Low Metallic Gold,dx5930001,41,245,175€,,J5 store,Lino,,05-08-23,,,,
GG0506,dunk low just do it white,dv1160100,44,245,165,,J5 store,Lino,,05-08-23,,,,
GG0507,Dunk Low Ivory Hyper Royal gs,fb1843141,37.5,245,150,,J5 store,Lino,,05-08-23,,,,
GG0517,Dunk High Blue Chill,dd1399401,46,245,170,,J5 store,Lino,,05-08-23,,,,
GG0518,Dunk Low WMNS Citron Pulse,dd1503002,44.5,245,160,,J5 store,Lino,,05-08-23,,,,
GG0520,Jordan 1 Low True Blue,553558412,41,245,150,,J5 store,Lino,,05-08-23,,,,
GG0521,Jordan 1 Mid True Blue,dq8423014,40,245,160,,J5 store,Lino,,05-08-23,,,,
GG0523,Dunk Low Ivory Hyper Royal gs,fb1843141,39,245,150,,J5 store,Lino,,05-08-23,,,,
GG0525,Dunk High Blue Chill,dd1399401,47.5,245,170,,J5 store,Lino,,05-08-23,,,,
GG0526,Dunk High Blue Chill,dd1399401,43,245,170,,J5 store,Lino,,05-08-23,,,,
GG0529,Dunk High Blue Chill,dd1399401,44,245,170,,J5 store,Lino,,05-08-23,,,,
GG0531,Jordan 1 Mid Lakers (2022) (GS),dq8423517,39,245,150,,J5 store,Lino,,05-08-23,,,,
GG0532,Jordan 1 Low True Blue (GS),553560412,39,245,150,,J5 store,Lino,,05-08-23,,,,
GG0533,Jordan 1 Mid GS Barely Grape gs,dq8423501,37.5,245,150,,J5 store,Lino,,05-08-23,,,,
GG0534,Jordan 1 Mid Lakers (2022) (GS),dq8423517,38.5,245,150,,J5 store,Lino,,05-08-23,,,,
GG0535,Jordan 1 Low True Blue ,553558412,45,245,160,,J5 store,Lino,,05-08-23,,,,
GG0536,Jordan 1 Low True Blue,dq8426014,44,245,160,,J5 store,Lino,,05-08-23,,,,
GG0539,Jordan 1 Low True Blue (GS),553560412,40,245,150,,J5 store,Lino,,05-08-23,,,,
GG0540,Jordan 1 Low True Blue,dq8423014,39,245,150,,J5 store,Lino,,05-08-23,,,,
,"New Balance 2002R Bordeaux
",M2002RHA,41.5,245,,,J5 store,J5 store,,,,,treehouse 7-8-23,
,"Air Jordan 1 Mid Ice Blue (GS)
",555112401,38,245,,,J5 store,J5 store,,,,,treehouse 7-8-23,
,Dunk high - university red,DD1399106,42.5,245,,,J5 store,J5 store,,,,,treehouse 7-8-23,
,"Nike Dunk Low Goldenrod (2021)
",DD1391004,41,245,,,J5 store,J5 store,,,,,treehouse 7-8-23,
,Jordan 1 Low UNC,CZ0775104,38.5,245,,,J5 store,J5 store,,,,,treehouse 7-8-23,
,Jordan 1 Mid ice blue,DV1308104,40.5,245,,,J5 store,J5 store,,,,,treehouse 7-8-23,
,Jordan 1 Mid ice blue,DV1308104,42,245,,,J5 store,J5 store,,,,,treehouse 7-8-23,
,Jordan 1 Mid ice blue,DV1308104,43,245,,,J5 store,J5 store,,,,,treehouse 7-8-23,
,Dunk Low Golden Swoosh,DX5930001,41,245,,,J5 store,J5 store,,,,,treehouse 7-8-23,
,Puma lamelo mb.02 be you purple,37828301,43,245,,,J5 store,J5 store,,,,,,
,Puma lamelo mb.02 be you purple,37828301,44.5,245,,,J5 store,J5 store,,,,,,
,Puma lamelo mb.02 be you purple,37828301,44,245,,,J5 store,J5 store,,,,,,
,Puma lamelo mb.02 be you purple,37828301,48,245,,,J5 store,J5 store,,,,,,
,Puma lamelo mb.02 be you purple,37828301,46,245,,,J5 store,J5 store,,,,,,
,Puma lamelo mb.02 be you purple,37828301,47,245,,,J5 store,J5 store,,,,,,
,Puma lamelo mb.02 be you purple,37828301,42,245,,,J5 store,J5 store,,,,,,
,Puma lamelo mb.02 be you purple,37828301,42.5,245,,,J5 store,J5 store,,,,,,
,Jordan 1 mid unc to Chicago ,fb2212100,39,245,,,J5 store,J5 store,,,,,,
,dunk high aluminium,dd1869107,37.5,245,,,J5 store,J5 store,,,,,,
,dunk high aluminium,dd1869107,39,245,,,J5 store,J5 store,,,,,,
,dunk high aluminium,dd1869107,38.5,245,,,J5 store,J5 store,,,,,,
Gz1101,next nature orewood dunk,dn1431100,39,245,160,,j5 store,Gosh ,10,,,,,
Gz1102,Dunk low hemp sail ,dd1873200,38,245,150,,j5 store,Gosh ,10,,,,,
TA1102,jordan 1 low wolf grey,dc0774105,36.5,245,170,,j5 store,Tariq,10,11/7/23,,,,
,Dunk high Blue chill,dd1399401,47,245,,,J5 store,J5 store,,,,90,,
TA1302,dunk grey corduroy,fn7658100,38.5,245,160,,j5 store,Tariq,,13/8/23,,,,
TA1303,dunk grey corduroy,fn7658100,37.5,245,160,,j5 store,Tariq,,13/8/23,,,,
TA1305,dunk pink corduroy ,Fn7167100,38.5,245,170,,j5 store,Tariq,,13/8/23,,,,
TA1306,dunk pink corduroy ,Fn7167100,37.5,245,170,,j5 store,Tariq,,13/8/23,,,,
TA1307,dunk light smoke grey ,dd1503117,40.5,245,160,,j5 store,Tariq,,13/8/23,,,,
TA1308,dunk light smoke grey ,dd1503117,38,245,160,,j5 store,Tariq,,13/8/23,,,,
TA1309,dunk light smoke grey ,dd1503117,40,245,160,,j5 store,Tariq,,13/8/23,,,,
TA1317,dunk sb low skate like a girl used,dx4589600,36.5,245,140,,j5 store,Tariq,,13/8/23,,,,
,Dunk low cacao,dd1503124,39,245,,,,,,,,120,,
,Dunk low cacao,dd1503124,38,245,,,,,,,,120,,
,dunk grey corduroy,fn7658100,39,245,,,j5 store,j5store,,,,120,,
,Dunk low pin curduroy ,Fn7167100,38,245,,,J5 store,J5 store,,,,120,,
,dunk low gorge green W,dd1503300,38,245,,,J5 store,J5,,,,125,,
,dunk low gorge green W,dd1503300,40,245,,,J5 store,J5,,,,125,,
,Puma lamelo mb.02 be you purple,37828301,42.5,245,,,J5 Store,J5 Store,,,,,,
,adidas campus 00s green,h03472,43 1/3,245,,,J5 Store,J5 Store,,,,,,
,adidas campus 00s green,h03472,43 1/3,245,,,J5 Store,J5 Store,,,,,,
,adidas campus 00s green,h03472,42 2/3,245,,,J5 Store,J5 Store,,,,,,
,adidas campus 00s green,h03472,44,245,,,J5 Store,J5 Store,,,,,,
,jordan 1 mid SE seahawks,dz5326300,44.5,245,,,J5 Store,J5 Store,,,,,,
AN1101,jordan 1 mid obsidian,554724174,45,245,150,,J5 Store,Anh,10,09-08-23,,,,
AN1102,jordan 1 mid strawberries and cream,bq6472186,44,245,120,,J5 Store,Anh,10,09-08-23,,,,
AN1104,jordan 1 mid obsidian,554724174,46,245,150,,J5 Store,Anh,10,09-08-23,,,,
,Dunk  sb High KCDC,dh7742600,42.5,245,,,J5 Store,J5 Store,,,,,,
LOAP0709,Nike Blazer Low x KAWS x sacai Team Red,dm7901600,41,245,,,J5 Store,LOAP,,,,,,
,yeezy slide bone,fz5897,39,245,,,J5 Store,J5 Store,,,,110,,
,yeezy slide bone,fz5897,42,245,,,J5 Store,J5 Store,,,,,,
,Air Jordan 1 Mid Medium Soft/Fierce Pink,fd8780116,38,245,,,J5 Store,J5 Store,,,,,,
GG0519,Jordan 1 Low Homage Split White Black,dr0502101,42,255,150,,J5 store,Lino,,05-08-23,,,,
TA1316,Jordan 1 low madder root,dc0774800,40,255,135,,j5 store,Tariq,,13/8/23,,,,
MO1501,yeezy foam rnnr carbon,ig5349,44.5,265,140,,J5 Store,Mo,,15-8-23,,,,
,Dunk Low Dark Marina Blue,dj6188400,45,265,,,J5 store,J5 store,,,,150,,deadstock 6-8-23
GG0515,Jordan 1 Mid Olive Toe,dv0427301,42,265,185,,J5 store,Lino,,05-08-23,,,,
GG0516,Jordan 1 Mid Olive Toe,dv0427301,37.5,265,185,,J5 store,Lino,,05-08-23,,,,
GG0527,Jordan 1 Mid University Blue Grey,dx9276100,43,265,190,,J5 store,Lino,,05-08-23,,,,
GG0537,Jordan 1 Mid University Blue Grey,dx9276100,43,265,180,,J5 store,Lino,,05-08-23,,,,
,air trainer travis wheat,DR7515200,40.5,265,,,J5 store,J5 store,,,,,treehouse 7-8-23,
,"Air Jordan 1 Mid SE French Blue Light Steel (GS)
",DR6235401,36,265,,,J5 store,J5 store,,,,,treehouse 7-8-23,
,Jordan 1 Mid ice blue,DV1308104,44.5,265,,,J5 store,J5 store,,,,,treehouse 7-8-23,
,Jordan 1 Mid ice blue,DV1308104,47.5,265,,,J5 store,J5 store,,,,,treehouse 7-8-23,
,Dunk Low Photon Dust,dd1503103,39,265,,,J5 store,J5 store,,,,130,,
,Dunk Low Photon Dust,dd1503103,41,265,,,J5 store,J5 store,,,,140,,
,"new balance 2002R Mirage Green
",m2002rdd,41.5,265,,,J5 Store,J5 Store,,,,,,
,jordan 1 mid college grey,do7139002,44.5,265,,,J5 Store,J5 Store,,,,,,
,Dunk Low Disrupt 2 Green Snake,dv3206001,41,265,,,J5 Store,J5 Store,,,,,,
,yeezy foam rnnr carbon,IG5349,46,265,,,J5 Store,J5 Store,,,,105,,
,yeezy foam rnnr carbon,IG5349,46,265,,,J5 Store,J5 Store,,,,105,,
TA1310,dunk low fleece green ,dq7579300,41,265,170,,j5 store,Tariq,,13/8/23,,,,
TA1314,dunk high chocolate,dj6189200,40,265,170,,j5 store,Tariq,,13/8/23,,,,
TA1315,air max duck  honeydew,dz0482001,38.5,265,150,,j5 store,Tariq,,13/8/23,,,,
TA1318,dunk low sashiko blue,dvo834101,48.5,265,140,,j5 store,Tariq,,13/8/23,,,,
,Dunk low phonton dust,dd1503103,41,265,,,J5 Store,J5 Store,,,,120,,
,Dunk low college navy,Dd1768400,40,265,,,J5 Store,J5 Store,,,,,,
,dunk low pink foam red,cw1590601,38.5,265,,,J5 store,J5 store,,,,,,
,dunk low pink foam red,cw1590601,38,265,,,J5 store,J5 store,,,,,,
AN1601,Air max 1 mica green,Dz4549100,43,265,170,,J5 Store,Anh,10,16-8-23,,,,
AN1602,Air max 1 mica green,Dz4549100,43,265,170,,J5 Store,Anh,10,16-8-23,,,,
AN1603,Air max 1 mica green,Dz4549100,45,265,170,,J5 Store,Anh,10,16-8-23,,,,
AN1604,Air max 1 mica green,Dz4549100,45.5,265,170,,J5 Store,Anh,10,16-8-23,,,,
AN1605,Air max 1 shima shima,Fb8916100,41,265,170,,J5 Store,Anh,10,16-8-23,,,,
,Jordan 1 High CO Japan Neutral Grey,dc1788029,41,265,,,j5 store,j5 store,,,,,,
,dunk low argon,dm0121400,42,265,,,j5 store,j5 store,,,,,,
,yeezy foam rnnr carbon,IG5349,47,265,,,j5 store,j5 store,,,,,,
SAL1101,Yeezy foam rnnr carbon,Ig5349,44.5,265,140,,J5 Store,Sal,,,,,,
MO1401,yeezy foam rnnr carbon,ig5349,46,265,140,,J5 Store,Mo,10,14-8-23,,,,
MO1402,yeezy foam rnnr carbon,ig5349,48.5,265,160,,J5 Store,Mo,10,14-8-23,,,,
,Dunk High Michigan (2020),cz8149700,41,265,,,J5 Store,J5 Store,,,,,,
,Dunk  sb High reverse goldenrod,db1640001,44.5,265,,,J5 Store,J5 Store,,,,,,
,Dunk Low Disrupt 2 Mineral Clay,dv1026215,41,265,,,J5 Store,J5 Store,,,,,,
,Nike blazer low sacai KAWS neptune blue,dm7901400,40.5,265,,,J5 Store,J5 Store,,,,,,
,Dunk Low QS LeBron James Fruity Pebbles,dh8009600,41,265,,,J5 Store,J5 Store,,,,,,
,jordan 1 low sky j purple,dc0774502,39,265,,,J5 Store,J5 Store,,,,,,
,new balance 2002R Mirage Green,m2002rdd,42.5,265,,,J5 Store,J5 Store,,,,,,
 ,jordan 1 mid ice blue 2023,dv1308104,42.5,265,,,J5 Store,J5 Store,,,,,,
,jordan 1 mid ice blue 2023,dv1308104,44,265,,,J5 Store,J5 Store,,,,,,
,jordan 1 mid ice blue 2023,dv1308104,46,265,,,J5 Store,J5 Store,,,,,,
,jordan 1 mid ice blue 2023,dv1308104,44.5,265,,,J5 Store,J5 Store,,,,,,
XT1402,Foam runner stosal,gv6840,42,275,,,J5 store,Xplct,,14-08-23,,,,
,Foam runner stosal,Gv6840,42,275,,,J5 Store,J5 Store,,,,110,,
,Dunk Low Disrupt 2 Pale Ivory,dh4402100,40.5,275,,,J5 Store,J5 Store,,,,,,
,Dunk Disrupt 2 Eastern W,dv3457100,41,275,,,J5 Store,J5 Store,,,,,,
,dunk low triple pink,dh9765600,38,275,,,J5 Store,J5 Store,,,,,,
,dunk low white grey navy aqua mini swoosh,fj4227001,46,275,,,J5 Store,J5 Store,,,,,,
,Jordan 1 High Hand Crafted,dh3097001,43,285,,,J5 store,J5 store,,,,150,,deadstock 6-8-23
,Dunk Low championship,DD1391600,42,285,,,J5 store,J5 store,,,,,treehouse 7-8-23,
,dunk sb high run the jewels,dx4356600,45.5,285,,,J5 store,J5 store,,,,,,
,jordan 1 high true blue,dz5485410,41,285,,,J5 store,J5,,,,140,,
,Dunk low barber shop white ,Dh7614500,38.5,285,,,J5 store,J5 store,,,,,,
,dunk low iron stone,Dunk High Blue Chill,47,285,,,J5 store,J5 store,,,,,,
Gz1104,yeezy foam runner clay ,gv6842,46,285,170,,j5 store,Gosh ,10,,,,,
Gz1106,nike dunk low sandrift ,fd0873126,43,285,190,,j5 store,Gosh ,10,,,,,
Gz1107,nike dunk low sandrift ,fd0873126,44,285,190,,j5 store,Gosh ,10,,,,,
TA1107,Used dunk union argon,dj9649400,44.5,285,190,,j5 store,Tariq,10,11/7/23,,,,
,dunk low teddy bear praline,dz5350288,43,285,,,j5 store,j5 store,,,,,,
,dunk low teddy bear praline,dz5350288,40,285,,,j5store,j5store,,,,,,
,dunk low teddy bear praline,dz5350288,44,285,,,j5store,j5store,,,,,,
,dunk low teddy bear praline,dz5350288,38.5,285,,,j5store,j5store,,,,,,
,nike dunk low sandrift ,fd0873126,44.5,285,,,J5 Store,J5 Store,,,,165,,
,Dunk low Iron stone,FD9746001,38.5,285,,,J5 Store,J5 Store,,,,,,
,Dunk low Iron stone,FD9746001,44,285,,,J5 Store,J5 Store,,,,,,
,Dunk low Iron stone,FD9746001,49.5,285,,,J5 Store,J5 Store,,,,,,
,Dunk low Iron stone,FD9746001,45.5,285,,,J5 Store,J5 Store,,,,,,
,Dunk low Iron stone,FD9746001,38,285,,,J5 Store,J5 Store,,,,,,
AN1103,jordan 1 high washed pink,fd2596600,41,285,185,,J5 Store,Anh,10,09-08-23,,,,
MO1104,yeezy foam rnnr clay,gv6842,48.5,285,160,,J5 Store,Mo,10,11-8-23,,,,
IM1401,dunk low ocean,dv3029100,40,285,190,,j5 store ,Imad,,14-8-23,,,,
,Dunk low Iron stone,FD9746001,42,285,,,J5 Store,J5 Store,,,,,,
,Dunk Low Archeo Pink (W),dd1503111,42.5,295,,,J5 store,J5 store,,,,145,,deadstock 6-8-23
,Dunk Low Archeo Pink (W),dd1503111,40,295,,,J5 store,J5 store,,,,145,,deadstock 6-8-23
,Campus 80s Bape 30th Anniversary Brown,if3379,44,295,,,J5 store,J5 store,,,,150,,deadstock 6-8-23
,Nike Dunk Low Grey Fog ,dd1391103,46,295,,,J5 store,J5 store,,,,140,,deadstock 6-8-23
,adidas Campus 80s South Park Towelie ,gz9177,41 1/3,295,,,J5 store,J5 store,,,,150,,deadstock 6-8-23
,adidas Campus 80s South Park Towelie ,gz9177,38 2/3,295,,,J5 store,J5 store,,,,130,,deadstock 6-8-23
,Jordan 1 Low 2021 Quai 54,dm0095106,43,295,,,J5 store,J5 store,,,,160,,deadstock 6-8-23
GG0503,Jordan 1 Mid Diamond Shorts,dh6933100,42,295,220,,J5 store,Lino,,05-08-23,,,,
,Jordan mid stealth,BQ6472115,38.5,295,,,J5 store,J5 store,,,,,treehouse 7-8-23,
,air max 1 hyper pink,cz7920001,44,295,,,J5 store,J5 store,,,,,,
,dunk low grey fog,dd1391103,45.5,295,,,J5 store,J5,,,,200,,
Gz1103,Dunk low triple pink,Dh9765600,38.5,295,160,,j5 store,Gosh ,10,,,,,
,Jordan 3 wizards,Ct8532148,42.5,295,,,J5 Store,J5 Store,,,,,,
,Jordan 3 wizards,Ct8532148,45,295,,,J5 Store,J5 Store,,,,,,
,Jordan 3 wizards,Ct8532148,40,295,,,J5 Store,J5 Store,,,,,,
,Jordan 3 wizards,Ct8532148,44,295,,,J5 Store,J5 Store,,,,,,
,Jordan 3 wizards,Ct8532148,40,295,,,J5 Store,J5 Store,,,,,,
,Jordan 3 wizards,Ct8532148,45,295,,,J5 Store,J5 Store,,,,,,
,Jordan 3 wizards,Ct8532148,41,295,,,J5 Store,J5 Store,,,,,,
,Jordan 3 wizards,Ct8532148,41,295,,,J5 Store,J5 Store,,,,,,
,Campus 80s Bape 30th Anniversary Brown,IF3379,44 2/3,295,,,j5 store,j5 store,,,,,,
MIKE1102,air force 1 low supreme,cu9225100,46,295,210,,j5 store,Mike,,,,,,
,adidas yu gi oh black magi,ho6442,44,295,,,j5 store,,,,,150,,
,Jordan 1 Low OG Neutral Grey,cz0790100,41,295,,,J5 Store,J5 Store,,,,,,
,dunk low paisly orange,DH4401103,37.5,295,,,j5store,j5store,,,,,,
,New Balance 1906D Black- Protection Pack,m1906df,42.5,295,,,J5 Store,J5 Store,,,,,,
,New Balance 1906D white - Protection Pack,m1960de,44,295,,,J5 Store,J5 Store,,,,,,
,jordan 1 high unc toe,dz5485400,44,305,,,J5 Store,J5 Store,,,,,,
BE0603,used sb dunk high red,305050161,47.5,315,210,box damage,,,,,,,,
BE0604,used jordan 4 metallic purple,ct8527115,47.5,315,210,box damage,,,,,,,,
,Jordan 5 UNC,DV1310401,42.5,315,,,J5 store,J5 store,,,,,treehouse 7-8-23,
,Jordan 1 High Fearless UNC Chicago,ck5666100,45,325,,,J5 store,J5 store,,,,190,,deadstock 6-8-23
,Nike Court Force SP X Fragment,814913661,40.5,325,,,J5 store,J5 store,,,,140,,deadstock 6-8-23
,Sb dunk gardenia,DQ5130400,41,325,,,J5 store,Ak,,,,,,
,Dunk low barber shop white ,Dh7614500,42.5,325,,,J5 store,J5 store,,,,,,
,sb dunk low run the jewels,DO9404400,45,325,,,J5 store,J5,,,,190,,
,adidas campus 00s green,h03472,40 2/3,325,,,J5 Store,J5 Store,,,,,,
,New balance 9060 silver,u9060GG,36,325,,,J5 store,J5,,,,180,,
,New balance 9060 silver,U9060GG,37,325,,,J5 store,J5,,,,180,,
,New balance 9060 silver,U9060GG,42,325,,,J5 store,J5,,,,180,,
,New balance 9060 silver,U9060GG,45,325,,,J5 store,J5,,,,180,,
,New balance 9060 black ,U9060BB,44,325,,,J5 store,J5,,,,,,
,yeezy foam rnnr onyx,hp8739,46,325,,,j5 store,j5 store,,,,,,
,jordan 1 low ice blue,dc0774141,41,325,,,J5 Store,J5 Store,,,,,,
MO1102,yeezy foam rnnr onyx,hp8739,48.5,325,210,,J5 Store,Mo,10,11-8-23,,,,
,new balance 9060 castlerock,u9060ecc,38.5,325,,,J5 Store,J5 Store,,,,190,,
,air max 1 liverpool,fb8914100,46,325,,,J5 Store,J5 Store,,,,190,,
,dunk low hyper ocean,fn6834412,45,325,,,j5store,j5store,,,,,,
,dunk low hyper ocean,fn6834412,43,325,,,j5store,j5store,,,,,,
,dunk low teddy bear praline,dz5350288,42.5,325,,,j5store,j5store,,,,,,
,dunk low hyper blue,fn6834412,45,325,,,j5store,j5store,,,,,,
,New Balance 9060 Shadow Grey,u9060gg,42.5,325,,,J5 Store,J5 Store,,,,,,
,New Balance 9060 Driftwood,u9060hsb,40,325,,,J5 Store,J5 Store,,,,,,
,Air Force 1 Foamposite Pro Low Pewter,532461001,43,345,,,J5 store,J5 store,,,,170,,deadstock 6-8-23
,Jordan 3 Cement  Reimagined,DN3707100,42,345,,,J5 store,j5 store,,,,230,bought instore,
TA1105,jordan high teana taylor,fj0604601,38.5,345,220,,j5 store,Tariq,10,11/7/23,,,,
MO1103,yeezy foam rnnr sand,fy4567,48.5,345,230,,J5 Store,Mo,10,11-8-23,,,,
,SB Dunk Why So Sad,dx5549400,39,345,,,j5store,j5store,,,,,,
, Jordan 3 White Cement Reimagined,dn3707100,44,365,,,J5 store,J5 store,,,,240,,deadstock 6-8-23
,"Air Jordan 5 Retro Bluebird (W)
",DD9336400,41,365,,,J5 store,J5 store,,,,,treehouse 7-8-23,
MO1105,dunk sb low gardenia,dq5130400,44,365,260,,J5 Store,Mo,10,11-8-23,,,,
,jordan 4 thunder,dh6927017,47.5,385,,,J5 store,J5 store,,,,250,,deadstock 6-8-23
,jordan 4 thunder,dh6927017,45,385,,,J5 store,J5 store,,,,230,,deadstock 6-8-23
,Jordan 1 High A Ma Maniére,do7097100,44,395,,,J5 store,J5 store,,,,280,,deadstock 6-8-23
,yeezy 350 bone,hq6316,45 1/3,395,,,j5 store,j5 store,,,,,,
,yeezy 350 bone,hq6316,42 2/3,395,,,j5 store,j5 store,,,,,,
,yeezy 350 bone,hq6316,51 1/3,395,,,j5 store,j5 store,,,,,,
,yeezy 350 bone,hq6316,47 1/3,395,,,j5 store,j5 store,,,,,,
,yeezy 350 bone,hq6316,44,395,,,j5 store,j5 store,,,,,,
,yeezy 350 bone,hq6316,48,395,,,j5 store,j5 store,,,,,,
,yeezy 350 bone,hq6316,46,395,,,,,,,,,,
GID1201,yeezy 350 bone,hq6316,42,395,260,,J5 store,Gideon,10,12-8-23,,,,
,yeezy 350 bone,hq6316,47 1/3,395,,,J5 Store,J5 Store,,,,230,,
,yeezy 350 bone,hq6316,47 1/3,395,,,J5 Store,J5 Store,,,,230,,
XT1403,Yeezy 350 bone,hq6316,42,395,,,J5 store,Xplct,,14-08-23,,,,
,yeezy 350 bone,hq6316,41 1/3,395,,,J5 Store,J5 Store,,,,230,,
,Dunk sb Low Phillies,dq4040400,46,425,,,J5 store,J5 store,,,,260,,deadstock 6-8-23
GG0514,Yeezy Boost Pirate Black,bb5350,36,425,290,,J5 store,Lino,,05-08-23,,,,
,"Air Jordan 5 Retro Bluebird (W)
",DD9336400,43,425,,,J5 store,J5 store,,,,,treehouse 7-8-23,
,Yeezy 350 granite,Hq2059,40,425,,,J5 store,J5 store,,,,,,
,Yeezy 350 granite,Hq2059,48,425,,,J5 store,J5 store,,,,,,
,jordan 1 high biohack,555088201,44.5,425,,,j5 store,j5 store,,,,,,
TA1320,dunk sb low raspberry,dm0807400,42.5,425,270,,,,,13/8/23,,,,
,yeezy 350 granite,hq2059,39 1/3,425,,,J5 Store,J5 Store,,,,,,
,yeezy 350 granite,hq2059,40 2/3,425,,,J5 Store,J5 Store,,,,,,
DA1401,jordan 11 cool grey,ct8012005,44.5,425,330,No,J5 store,Daniel,,14-8-23,,,,
,jordan 1 high biohack,555088201,43,425,,,,,,,,,,
,Air Structure Triax 91 Grey Fog/Purple,db1549002,44.5,425,,,J5 Store,J5 Store,,,,,,
,Dunk sb Low Red Patent Leather,304292616,44,445,,,J5 store,J5 store,,,,230,,deadstock 6-8-23
,adidas samba silver metallic,ig8181,42,445,,,j5 store,j5 store,,,,,,
,jordan 4 midnight navy,dh6927140,40,465,,,J5 store,J5 store,,,,300,,deadstock 6-8-23
TA1108,jordan 4 midnight navy ,dh6927140,42,465,340,,j5 store,Tariq,10,11/7/23,,,,
,jordan 1 high shatterboard,555088028,43,475,,,j5 store,j5 store,,,,,,
,Nike Zoom Terra Kiger 5 Off White,cd8179100,42,475,,,J5 Store,J5 Store,,,,,,
,Yeezy 350 Sand Taupe,fz5240,41 1/3,495,,,J5 store,J5 store,,,,330,,deadstock 6-8-23
,dunk sb low crenshaw,fn4193100,40.5,495,,,J5 store,J5 store,,,,250,,deadstock 6-8-23
TA1106,airforce stussy white ,cz9094200,44,495,370,,j5 store,Tariq,10,11/7/23,,,,
TA1301,Sb dunk low sean cliver ps,dj2519400,35,495,360,,j5 store,Tariq,,,,,,
TA1319,dunk sb low parra,dh7695600,39,495,360,,j5 store,Tariq,,13/8/23,,,,
,dunk low league of legends,do2327011,38,495,,,j5store,j5store,,,,,,
,Dunk sb Low Jarritos,fd0860001,37.5,545,,,J5 store,J5 store,,,,300,,deadstock 6-8-23
,Dunk sb Low Jarritos,fd0860001,39,545,,,J5 store,J5 store,,,,330,,deadstock 6-8-23
,dunk sb low jarritos,fd0860001,39,545,,,j5 store,j5 store,,,,,,
MO1101,jordan 4 military black,408452111,37.5,555,370,,J5 Store,Mo,10,11-8-23,,,,
TA1312,Air max corteiz pink beam,fb2709001,42.5,595,450,,j5 store,Tariq,,13/8/23,,,,
,Jordan 4 oreo,ct8527100,45,645,,,J5 store,J5 store,,,,320,,deadstock 6-8-23
,Dunk sb Low Club 58 Gulf,bq6817401,46,645,,,J5 store,J5 store,,,,400,,deadstock 6-8-23
,jordan 1 high j balvin,dc3481900,41,645,,,J5 Store,J5 Store,,,,,,
MIKE1104,jordan 4 university blue,CT8527400,43,695,570,,j5 store,Mike,,,,,,
MO1502,jordan 1 low travis olive,dz4137106,38,695,460,,J5 Store,Mo,,15-8-23,,,,
,Dunk Low Off-White Lot 34,dj0950102,45,795,,,J5 store,J5 store,,,,500,,deadstock 6-8-23
MIKE1103,jordan 1 low travis phantom,DM7866001,44,795,650,,j5 store,Mike,,,,,,
ZA1201,jordan 1 low travis phantom,dm7866001,44,795,650,,J5 Store,Zaka,,11-8-23,,,,
,Dunk sb Low Black Pigeon,883232008,45,995,,,J5 store,J5 store,,,,600,,deadstock 6-8-23
GG0530,Dunk Low Off-White Lot 26,dm1602116,35.5,1045,870,,J5 store,Lino,,05-08-23,,,,
TA1103,jordan 1 low travis olive,dz4137106,42,1045,870,,j5 store,Tariq,10,11/7/23,,,,
TA1104,jordan 4 offwhite sail,cv9388100,40,1395,1070,,j5 store,Tariq,10,11/7/23,,,,
,dunk sb low travis scott,ct5053001,44.5,1545,,,J5 store,J5 store,,,,1200,,deadstock 6-8-23
XT1401,Louis vuitton skate sneaker,1ABZ5X,40,1945,1500,,J5 store,Xplct,,14-08-23,,,,
MIKE1101,dunk sb high dubai,393427071,46,2395,2020,,j5 store,Mike,,,,,,
,New Balance 9060 Shadow Grey,u9060gg,43,325,,,J5 Store,J5 Store,,,,,,
,jordan 1 low concord gs,dv1333100,40,245,,,j5 store,j5 store,,,,,,
MO1601,Nike LD Waffle SF sacai Fragment Blue Void,DH2684400,49.5,325,210,,J5 Store,Mo,,,,,,
MO1602,Nike LD Waffle SF sacai Fragment Blue Void,DH2684400,48.5,325,220,,J5 Store,Mo,,,,,,
MO1603,Nike LD Waffle sacai CLOT Kiss of Death Net Orange,dh1347100,46,295,180,,J5 Store,Mo,,,,,,
MO1604,Nike LD Waffle sacai CLOT Kiss of Death Net Orange,dh1347100,42,295,180,,J5 Store,Mo,,,,,,
MO1605,Jordan 4 lightning ,CT8527700,44.5,445,330,,,,,,,,,